"Term","Overlap","P.value","Adjusted.P.value","Old.P.value","Old.Adjusted.P.value","Odds.Ratio","Combined.Score","Genes"
"white fat cell differentiation (GO:0050872)","2/7",0.000311348787157889,0.143275729879302,0,0,104.826315789474,846.430231103073,"CTBP2;PPARG"
"positive regulation of cold-induced thermogenesis (GO:0120162)","4/97",0.000563452537866218,0.143275729879302,0,0,11.5251380412671,86.2244841694515,"THRA;PDGFC;GRB10;PPARGC1B"
"positive regulation of metabolic process (GO:0009893)","4/113",0.000998975444873124,0.143275729879302,0,0,9.8254401190181,67.8818077159901,"THRA;PDGFC;GRB10;PPARGC1B"
"regulation of smoothened signaling pathway (GO:0008589)","3/51",0.00103856902723045,0.143275729879302,0,0,16.5616666666667,113.777183442099,"ULK3;MEGF8;GAS8"
"regulation of proteasomal protein catabolic process (GO:0061136)","3/54",0.00122667576951457,0.143275729879302,0,0,15.5850980392157,104.473884847078,"RHBDF1;OPHN1;GLMN"
"positive regulation of multicellular organismal process (GO:0051240)","6/345",0.00228380684733491,0.212103400495598,0,0,4.81391347099312,29.2777959807613,"THRA;PDGFC;GLMN;GRB10;INHBA;PPARGC1B"
"regulation of transcription by RNA polymerase III (GO:0006359)","2/21",0.00300524169442642,0.212103400495598,0,0,27.5664819944598,160.0895126495,"BRF2;POLR3F"
"positive regulation of smoothened signaling pathway (GO:0045880)","2/21",0.00300524169442642,0.212103400495598,0,0,27.5664819944598,160.0895126495,"ULK3;GAS8"
"negative regulation of smoothened signaling pathway (GO:0045879)","2/23",0.00360238179088965,0.212103400495598,0,0,24.9385964912281,140.308535125056,"ULK3;MEGF8"
"negative regulation of cell population proliferation (GO:0008285)","6/379",0.00363190754273284,0.212103400495598,0,0,4.36751563896336,24.5366909576183,"CTBP2;GLMN;PPARG;INHBA;GAS8;VGLL4"
"cellular response to insulin stimulus (GO:0032869)","3/129",0.0140335760614643,0.24086790229569,0,0,6.28444444444444,26.8113412365605,"GRB10;PPARG;PCK2"
"Golgi to plasma membrane transport (GO:0006893)","2/48",0.0150832951734013,0.24086790229569,0,0,11.370709382151,47.6906589175925,"EXOC4;VAMP4"
"positive regulation of signal transduction (GO:0009967)","4/252",0.0169710253471299,0.24086790229569,0,0,4.28814298169137,17.4795333111515,"CTBP2;GRB10;ULK3;GAS8"
"negative regulation of B cell differentiation (GO:0045578)","1/5",0.0193502634667733,0.24086790229569,0,0,64.6688311688312,255.121723496479,"INHBA"
"positive regulation of axon extension involved in axon guidance (GO:0048842)","1/5",0.0193502634667733,0.24086790229569,0,0,64.6688311688312,255.121723496479,"MEGF8"
"negative regulation of cardiac muscle cell proliferation (GO:0060044)","1/5",0.0193502634667733,0.24086790229569,0,0,64.6688311688312,255.121723496479,"VGLL4"
"anion homeostasis (GO:0055081)","1/5",0.0193502634667733,0.24086790229569,0,0,64.6688311688312,255.121723496479,"CYB561"
"negative regulation of CREB transcription factor activity (GO:0032792)","1/5",0.0193502634667733,0.24086790229569,0,0,64.6688311688312,255.121723496479,"EIF2AK4"
"negative regulation of gene silencing by RNA (GO:0060967)","1/5",0.0193502634667733,0.24086790229569,0,0,64.6688311688312,255.121723496479,"PPARG"
"negative regulation of gonadotropin secretion (GO:0032277)","1/5",0.0193502634667733,0.24086790229569,0,0,64.6688311688312,255.121723496479,"INHBA"
"glycerol biosynthetic process (GO:0006114)","1/5",0.0193502634667733,0.24086790229569,0,0,64.6688311688312,255.121723496479,"PCK2"
"positive regulation of Golgi to plasma membrane protein transport (GO:0042998)","1/5",0.0193502634667733,0.24086790229569,0,0,64.6688311688312,255.121723496479,"CNST"
"hemoglobin metabolic process (GO:0020027)","1/5",0.0193502634667733,0.24086790229569,0,0,64.6688311688312,255.121723496479,"INHBA"
"negative regulation of macrophage differentiation (GO:0045650)","1/5",0.0193502634667733,0.24086790229569,0,0,64.6688311688312,255.121723496479,"INHBA"
"cell migration involved in gastrulation (GO:0042074)","1/5",0.0193502634667733,0.24086790229569,0,0,64.6688311688312,255.121723496479,"MEGF8"
"positive regulation of low-density lipoprotein receptor activity (GO:1905599)","1/5",0.0193502634667733,0.24086790229569,0,0,64.6688311688312,255.121723496479,"PPARG"
"negative regulation of posttranscriptional gene silencing (GO:0060149)","1/5",0.0193502634667733,0.24086790229569,0,0,64.6688311688312,255.121723496479,"PPARG"
"negative regulation of vascular endothelial cell proliferation (GO:1905563)","1/5",0.0193502634667733,0.24086790229569,0,0,64.6688311688312,255.121723496479,"PPARG"
"centriole assembly (GO:0098534)","1/5",0.0193502634667733,0.24086790229569,0,0,64.6688311688312,255.121723496479,"CCDC61"
"positive regulation of protein localization to cilium (GO:1903566)","1/5",0.0193502634667733,0.24086790229569,0,0,64.6688311688312,255.121723496479,"GAS8"
"cerebellar granule cell differentiation (GO:0021707)","1/5",0.0193502634667733,0.24086790229569,0,0,64.6688311688312,255.121723496479,"OPHN1"
"cerebral cortex neuron differentiation (GO:0021895)","1/5",0.0193502634667733,0.24086790229569,0,0,64.6688311688312,255.121723496479,"OPHN1"
"regulation of intracellular cholesterol transport (GO:0032383)","1/5",0.0193502634667733,0.24086790229569,0,0,64.6688311688312,255.121723496479,"ARV1"
"regulation of inward rectifier potassium channel activity (GO:1901979)","1/5",0.0193502634667733,0.24086790229569,0,0,64.6688311688312,255.121723496479,"ALG10B"
"positive regulation of translation in response to stress (GO:0032056)","1/5",0.0193502634667733,0.24086790229569,0,0,64.6688311688312,255.121723496479,"EIF2AK4"
"positive regulation of vascular associated smooth muscle cell apoptotic process (GO:1905461)","1/5",0.0193502634667733,0.24086790229569,0,0,64.6688311688312,255.121723496479,"PPARG"
"negative regulation of cytokine-mediated signaling pathway (GO:0001960)","2/55",0.0195123624980995,0.24086790229569,0,0,9.86544190665343,38.8373546069069,"PPARG;USP18"
"negative regulation of signal transduction (GO:0009968)","4/267",0.0205066232513861,0.24086790229569,0,0,4.04048915835988,15.7054110948689,"GRB10;ULK3;MEGF8;VGLL4"
"fat cell differentiation (GO:0045444)","2/58",0.0215576939560234,0.24086790229569,0,0,9.33552631578947,35.8206245046355,"CTBP2;PPARG"
"negative regulation of cardiac muscle tissue growth (GO:0055022)","1/6",0.0231757383378881,0.24086790229569,0,0,51.7324675324675,194.754598138502,"VGLL4"
"foam cell differentiation (GO:0090077)","1/6",0.0231757383378881,0.24086790229569,0,0,51.7324675324675,194.754598138502,"PPARG"
"gastrulation with mouth forming second (GO:0001702)","1/6",0.0231757383378881,0.24086790229569,0,0,51.7324675324675,194.754598138502,"MEGF8"
"hepatocyte differentiation (GO:0070365)","1/6",0.0231757383378881,0.24086790229569,0,0,51.7324675324675,194.754598138502,"PCK2"
"IMP biosynthetic process (GO:0006188)","1/6",0.0231757383378881,0.24086790229569,0,0,51.7324675324675,194.754598138502,"PFAS"
"cellular response to cold (GO:0070417)","1/6",0.0231757383378881,0.24086790229569,0,0,51.7324675324675,194.754598138502,"EIF2AK4"
"negative regulation of sequestering of triglyceride (GO:0010891)","1/6",0.0231757383378881,0.24086790229569,0,0,51.7324675324675,194.754598138502,"PPARG"
"positive regulation of protein glycosylation (GO:0060050)","1/6",0.0231757383378881,0.24086790229569,0,0,51.7324675324675,194.754598138502,"ALG10B"
"macrophage derived foam cell differentiation (GO:0010742)","1/6",0.0231757383378881,0.24086790229569,0,0,51.7324675324675,194.754598138502,"PPARG"
"vacuole organization (GO:0007033)","1/6",0.0231757383378881,0.24086790229569,0,0,51.7324675324675,194.754598138502,"ULK3"
"peroxisome proliferator activated receptor signaling pathway (GO:0035357)","1/6",0.0231757383378881,0.24086790229569,0,0,51.7324675324675,194.754598138502,"PPARG"
"regulation of protein localization to cilium (GO:1903564)","1/6",0.0231757383378881,0.24086790229569,0,0,51.7324675324675,194.754598138502,"GAS8"
"regulation of innate immune response (GO:0045088)","2/64",0.0259012503023821,0.24086790229569,0,0,8.4295415959253,30.797027070951,"POLR3F;USP18"
"regulation of vascular associated smooth muscle cell apoptotic process (GO:1905459)","1/7",0.026986482201804,0.24086790229569,0,0,43.1082251082251,155.724979952911,"PPARG"
"negative regulation of interferon-gamma-mediated signaling pathway (GO:0060336)","1/7",0.026986482201804,0.24086790229569,0,0,43.1082251082251,155.724979952911,"PPARG"
"negative regulation of lymphocyte differentiation (GO:0045620)","1/7",0.026986482201804,0.24086790229569,0,0,43.1082251082251,155.724979952911,"INHBA"
"negative regulation of response to interferon-gamma (GO:0060331)","1/7",0.026986482201804,0.24086790229569,0,0,43.1082251082251,155.724979952911,"PPARG"
"left/right pattern formation (GO:0060972)","1/7",0.026986482201804,0.24086790229569,0,0,43.1082251082251,155.724979952911,"MEGF8"
"substrate-dependent cell migration, cell extension (GO:0006930)","1/7",0.026986482201804,0.24086790229569,0,0,43.1082251082251,155.724979952911,"OPHN1"
"regulation of microtubule binding (GO:1904526)","1/7",0.026986482201804,0.24086790229569,0,0,43.1082251082251,155.724979952911,"GAS8"
"determination of digestive tract left/right asymmetry (GO:0071907)","1/7",0.026986482201804,0.24086790229569,0,0,43.1082251082251,155.724979952911,"MEGF8"
"protection from non-homologous end joining at telomere (GO:0031848)","1/7",0.026986482201804,0.24086790229569,0,0,43.1082251082251,155.724979952911,"DCLRE1A"
"protein localization to basolateral plasma membrane (GO:1903361)","1/7",0.026986482201804,0.24086790229569,0,0,43.1082251082251,155.724979952911,"AP4M1"
"endosome to lysosome transport via multivesicular body sorting pathway (GO:0032510)","1/7",0.026986482201804,0.24086790229569,0,0,43.1082251082251,155.724979952911,"LYST"
"negative regulation by host of viral genome replication (GO:0044828)","1/7",0.026986482201804,0.24086790229569,0,0,43.1082251082251,155.724979952911,"EIF2AK4"
"positive regulation by symbiont of host autophagy (GO:0075044)","1/7",0.026986482201804,0.24086790229569,0,0,43.1082251082251,155.724979952911,"EIF2AK4"
"DNA-templated transcription, initiation (GO:0006352)","3/168",0.0279957555496021,0.24086790229569,0,0,4.78957575757576,17.1260973771771,"BRF2;THRA;PPARG"
"protein N-linked glycosylation (GO:0006487)","2/67",0.0281951016303739,0.24086790229569,0,0,8.03927125506073,28.6889998137944,"ALG8;ALG10B"
"positive regulation of adaptive immune response (GO:0002821)","1/8",0.0307825507393775,0.24086790229569,0,0,36.9480519480519,128.609048349639,"EIF2AK4"
"forebrain neuron differentiation (GO:0021879)","1/8",0.0307825507393775,0.24086790229569,0,0,36.9480519480519,128.609048349639,"INHBA"
"negative regulation of glucose import (GO:0046325)","1/8",0.0307825507393775,0.24086790229569,0,0,36.9480519480519,128.609048349639,"GRB10"
"rRNA base methylation (GO:0070475)","1/8",0.0307825507393775,0.24086790229569,0,0,36.9480519480519,128.609048349639,"METTL15"
"short-chain fatty acid catabolic process (GO:0019626)","1/8",0.0307825507393775,0.24086790229569,0,0,36.9480519480519,128.609048349639,"PCK2"
"regulation of Golgi to plasma membrane protein transport (GO:0042996)","1/8",0.0307825507393775,0.24086790229569,0,0,36.9480519480519,128.609048349639,"CNST"
"regulation of protein glycosylation (GO:0060049)","1/8",0.0307825507393775,0.24086790229569,0,0,36.9480519480519,128.609048349639,"ALG10B"
"glomerular filtration (GO:0003094)","1/9",0.0345639995215364,0.24086790229569,0,0,32.3279220779221,108.781602649415,"XPNPEP3"
"cilium movement involved in cell motility (GO:0060294)","1/9",0.0345639995215364,0.24086790229569,0,0,32.3279220779221,108.781602649415,"GAS8"
"positive regulation of smooth muscle cell apoptotic process (GO:0034393)","1/9",0.0345639995215364,0.24086790229569,0,0,32.3279220779221,108.781602649415,"PPARG"
"nucleoside diphosphate catabolic process (GO:0009134)","1/9",0.0345639995215364,0.24086790229569,0,0,32.3279220779221,108.781602649415,"ENTPD6"
"positive regulation of immune response (GO:0050778)","2/75",0.0346903001238301,0.24086790229569,0,0,7.15537130497477,24.051314981516,"POLR3F;EIF2AK4"
"regulation of RNA polymerase II transcription preinitiation complex assembly (GO:0045898)","1/10",0.038330883967986,0.24086790229569,0,0,28.7344877344877,93.7175127185076,"THRA"
"negative regulation of cholesterol storage (GO:0010887)","1/10",0.038330883967986,0.24086790229569,0,0,28.7344877344877,93.7175127185076,"PPARG"
"renal filtration (GO:0097205)","1/10",0.038330883967986,0.24086790229569,0,0,28.7344877344877,93.7175127185076,"XPNPEP3"
"histone H3-K36 demethylation (GO:0070544)","1/10",0.038330883967986,0.24086790229569,0,0,28.7344877344877,93.7175127185076,"KDM4C"
"retinoic acid receptor signaling pathway (GO:0048384)","1/10",0.038330883967986,0.24086790229569,0,0,28.7344877344877,93.7175127185076,"PPARG"
"secretory granule organization (GO:0033363)","1/10",0.038330883967986,0.24086790229569,0,0,28.7344877344877,93.7175127185076,"LYST"
"cellular response to leucine starvation (GO:1990253)","1/10",0.038330883967986,0.24086790229569,0,0,28.7344877344877,93.7175127185076,"EIF2AK4"
"SNARE complex assembly (GO:0035493)","1/10",0.038330883967986,0.24086790229569,0,0,28.7344877344877,93.7175127185076,"VAMP4"
"lipoprotein transport (GO:0042953)","1/10",0.038330883967986,0.24086790229569,0,0,28.7344877344877,93.7175127185076,"PPARG"
"telomere maintenance in response to DNA damage (GO:0043247)","1/10",0.038330883967986,0.24086790229569,0,0,28.7344877344877,93.7175127185076,"DCLRE1A"
"positive regulation of vascular endothelial growth factor receptor signaling pathway (GO:0030949)","1/10",0.038330883967986,0.24086790229569,0,0,28.7344877344877,93.7175127185076,"GRB10"
"establishment of epithelial cell apical/basal polarity (GO:0045198)","1/11",0.0420832593305426,0.24086790229569,0,0,25.8597402597403,81.9263790868409,"OPHN1"
"regulation of toll-like receptor 9 signaling pathway (GO:0034163)","1/11",0.0420832593305426,0.24086790229569,0,0,25.8597402597403,81.9263790868409,"GRAMD4"
"Golgi to lysosome transport (GO:0090160)","1/11",0.0420832593305426,0.24086790229569,0,0,25.8597402597403,81.9263790868409,"AP4M1"
"lipoprotein localization (GO:0044872)","1/11",0.0420832593305426,0.24086790229569,0,0,25.8597402597403,81.9263790868409,"PPARG"
"positive regulation of voltage-gated potassium channel activity (GO:1903818)","1/11",0.0420832593305426,0.24086790229569,0,0,25.8597402597403,81.9263790868409,"ALG10B"
"peptidyl-proline hydroxylation (GO:0019511)","1/11",0.0420832593305426,0.24086790229569,0,0,25.8597402597403,81.9263790868409,"CRTAP"
"monocyte differentiation (GO:0030224)","1/11",0.0420832593305426,0.24086790229569,0,0,25.8597402597403,81.9263790868409,"PPARG"
"response to insulin (GO:0032868)","2/84",0.042616470825522,0.24086790229569,0,0,6.36713735558408,20.0915940028562,"PPARG;PCK2"
"purine nucleoside monophosphate biosynthetic process (GO:0009127)","1/12",0.0458211806762042,0.24086790229569,0,0,23.5076741440378,72.4743670666049,"PFAS"
"negative regulation of gene silencing by miRNA (GO:0060965)","1/12",0.0458211806762042,0.24086790229569,0,0,23.5076741440378,72.4743670666049,"PPARG"
"negative regulation of glucose transmembrane transport (GO:0010829)","1/12",0.0458211806762042,0.24086790229569,0,0,23.5076741440378,72.4743670666049,"GRB10"
"axonal fasciculation (GO:0007413)","1/12",0.0458211806762042,0.24086790229569,0,0,23.5076741440378,72.4743670666049,"MEGF8"
"histone H3-K9 demethylation (GO:0033169)","1/12",0.0458211806762042,0.24086790229569,0,0,23.5076741440378,72.4743670666049,"KDM4C"
"cell differentiation in hindbrain (GO:0021533)","1/12",0.0458211806762042,0.24086790229569,0,0,23.5076741440378,72.4743670666049,"OPHN1"
"regulation of feeding behavior (GO:0060259)","1/12",0.0458211806762042,0.24086790229569,0,0,23.5076741440378,72.4743670666049,"EIF2AK4"
"negative regulation by host of viral process (GO:0044793)","1/12",0.0458211806762042,0.24086790229569,0,0,23.5076741440378,72.4743670666049,"EIF2AK4"
"post-Golgi vesicle-mediated transport (GO:0006892)","2/89",0.047284426482766,0.24086790229569,0,0,5.99969751966122,18.3085226839838,"AP4M1;EXOC4"
"negative regulation of hippo signaling (GO:0035331)","1/13",0.0495447028828492,0.24086790229569,0,0,21.547619047619,64.7480079810904,"VGLL4"
"Golgi ribbon formation (GO:0090161)","1/13",0.0495447028828492,0.24086790229569,0,0,21.547619047619,64.7480079810904,"VAMP4"
"negative regulation of macrophage derived foam cell differentiation (GO:0010745)","1/13",0.0495447028828492,0.24086790229569,0,0,21.547619047619,64.7480079810904,"PPARG"
"intracellular sterol transport (GO:0032366)","1/13",0.0495447028828492,0.24086790229569,0,0,21.547619047619,64.7480079810904,"ARV1"
"intraciliary retrograde transport (GO:0035721)","1/13",0.0495447028828492,0.24086790229569,0,0,21.547619047619,64.7480079810904,"IFT140"
"transport along microtubule (GO:0010970)","1/13",0.0495447028828492,0.24086790229569,0,0,21.547619047619,64.7480079810904,"COPG2"
"oligosaccharide-lipid intermediate biosynthetic process (GO:0006490)","1/13",0.0495447028828492,0.24086790229569,0,0,21.547619047619,64.7480079810904,"ALG8"
"embryonic appendage morphogenesis (GO:0035113)","1/13",0.0495447028828492,0.24086790229569,0,0,21.547619047619,64.7480079810904,"MEGF8"
"regulation of retinoic acid receptor signaling pathway (GO:0048385)","1/14",0.0532538806466596,0.24086790229569,0,0,19.8891108891109,58.3284892331573,"CTBP2"
"positive regulation of glycoprotein biosynthetic process (GO:0010560)","1/14",0.0532538806466596,0.24086790229569,0,0,19.8891108891109,58.3284892331573,"ALG10B"
"response to X-ray (GO:0010165)","1/14",0.0532538806466596,0.24086790229569,0,0,19.8891108891109,58.3284892331573,"IKBIP"
"ribonucleoside monophosphate biosynthetic process (GO:0009156)","1/14",0.0532538806466596,0.24086790229569,0,0,19.8891108891109,58.3284892331573,"PFAS"
"positive regulation of long-term synaptic potentiation (GO:1900273)","1/14",0.0532538806466596,0.24086790229569,0,0,19.8891108891109,58.3284892331573,"EIF2AK4"
"negative regulation of pri-miRNA transcription by RNA polymerase II (GO:1902894)","1/14",0.0532538806466596,0.24086790229569,0,0,19.8891108891109,58.3284892331573,"PPARG"
"cellular response to low-density lipoprotein particle stimulus (GO:0071404)","1/14",0.0532538806466596,0.24086790229569,0,0,19.8891108891109,58.3284892331573,"PPARG"
"negative regulation of translational initiation (GO:0045947)","1/14",0.0532538806466596,0.24086790229569,0,0,19.8891108891109,58.3284892331573,"EIF2AK4"
"substrate-dependent cell migration (GO:0006929)","1/14",0.0532538806466596,0.24086790229569,0,0,19.8891108891109,58.3284892331573,"OPHN1"
"nucleoside phosphate catabolic process (GO:1901292)","1/14",0.0532538806466596,0.24086790229569,0,0,19.8891108891109,58.3284892331573,"ENTPD6"
"defense response to protozoan (GO:0042832)","1/14",0.0532538806466596,0.24086790229569,0,0,19.8891108891109,58.3284892331573,"LYST"
"ovarian follicle development (GO:0001541)","1/14",0.0532538806466596,0.24086790229569,0,0,19.8891108891109,58.3284892331573,"INHBA"
"polarized epithelial cell differentiation (GO:0030859)","1/14",0.0532538806466596,0.24086790229569,0,0,19.8891108891109,58.3284892331573,"OPHN1"
"protein transport (GO:0015031)","4/369",0.0561588781173024,0.24086790229569,0,0,2.89626064420585,8.33998669980393,"AP4M1;PPARG;COPG2;VAMP4"
"establishment of apical/basal cell polarity (GO:0035089)","1/15",0.0569487684566198,0.24086790229569,0,0,18.4675324675325,52.9206203994512,"OPHN1"
"regulation of sequestering of triglyceride (GO:0010889)","1/15",0.0569487684566198,0.24086790229569,0,0,18.4675324675325,52.9206203994512,"PPARG"
"integrated stress response signaling (GO:0140467)","1/15",0.0569487684566198,0.24086790229569,0,0,18.4675324675325,52.9206203994512,"EIF2AK4"
"regulation of macrophage differentiation (GO:0045649)","1/15",0.0569487684566198,0.24086790229569,0,0,18.4675324675325,52.9206203994512,"INHBA"
"nucleobase-containing small molecule catabolic process (GO:0034656)","1/15",0.0569487684566198,0.24086790229569,0,0,18.4675324675325,52.9206203994512,"ENTPD6"
"modulation by host of viral genome replication (GO:0044827)","1/15",0.0569487684566198,0.24086790229569,0,0,18.4675324675325,52.9206203994512,"EIF2AK4"
"electron transport chain (GO:0022900)","1/15",0.0569487684566198,0.24086790229569,0,0,18.4675324675325,52.9206203994512,"CYB561"
"placenta development (GO:0001890)","1/15",0.0569487684566198,0.24086790229569,0,0,18.4675324675325,52.9206203994512,"PPARG"
"epithelial cell differentiation (GO:0030855)","2/101",0.0591972034407344,0.24086790229569,0,0,5.26927166400851,14.8956038316582,"PPARG;PCK2"
"positive regulation of cellular protein metabolic process (GO:0032270)","2/102",0.0602325671185912,0.24086790229569,0,0,5.21631578947368,14.6554587699995,"INHBA;VGLL4"
"purine ribonucleoside monophosphate biosynthetic process (GO:0009168)","1/16",0.0606294206121001,0.24086790229569,0,0,17.2354978354978,48.3106698051907,"PFAS"
"Golgi to endosome transport (GO:0006895)","1/16",0.0606294206121001,0.24086790229569,0,0,17.2354978354978,48.3106698051907,"AP4M1"
"regulation of cholesterol storage (GO:0010885)","1/16",0.0606294206121001,0.24086790229569,0,0,17.2354978354978,48.3106698051907,"PPARG"
"regulation of ERBB signaling pathway (GO:1901184)","1/16",0.0606294206121001,0.24086790229569,0,0,17.2354978354978,48.3106698051907,"RHBDF1"
"negative regulation of type I interferon-mediated signaling pathway (GO:0060339)","1/16",0.0606294206121001,0.24086790229569,0,0,17.2354978354978,48.3106698051907,"USP18"
"positive regulation of small molecule metabolic process (GO:0062013)","1/16",0.0606294206121001,0.24086790229569,0,0,17.2354978354978,48.3106698051907,"PPARG"
"nucleoside diphosphate metabolic process (GO:0009132)","1/16",0.0606294206121001,0.24086790229569,0,0,17.2354978354978,48.3106698051907,"ENTPD6"
"platelet-derived growth factor receptor signaling pathway (GO:0048008)","1/16",0.0606294206121001,0.24086790229569,0,0,17.2354978354978,48.3106698051907,"PDGFC"
"positive regulation of cellular metabolic process (GO:0031325)","2/105",0.0633759508140127,0.246470613390136,0,0,5.06361778231988,13.9688545903545,"PPARG;INHBA"
"negative regulation of vascular associated smooth muscle cell proliferation (GO:1904706)","1/17",0.0642958912152549,0.246470613390136,0,0,16.1574675324675,44.3402845799439,"PPARG"
"dolichol-linked oligosaccharide biosynthetic process (GO:0006488)","1/17",0.0642958912152549,0.246470613390136,0,0,16.1574675324675,44.3402845799439,"ALG8"
"cellular response to peptide hormone stimulus (GO:0071375)","2/106",0.0644359671930668,0.246470613390136,0,0,5.01467611336032,13.7506596503592,"PPARG;PCK2"
"regulation of adaptive immune response (GO:0002819)","1/18",0.0679482341709108,0.246470613390136,0,0,15.2062643239114,40.8897835379323,"EIF2AK4"
"regulation of B cell differentiation (GO:0045577)","1/18",0.0679482341709108,0.246470613390136,0,0,15.2062643239114,40.8897835379323,"INHBA"
"regulation of vascular endothelial cell proliferation (GO:1905562)","1/18",0.0679482341709108,0.246470613390136,0,0,15.2062643239114,40.8897835379323,"PPARG"
"positive regulation of fatty acid metabolic process (GO:0045923)","1/18",0.0679482341709108,0.246470613390136,0,0,15.2062643239114,40.8897835379323,"PPARG"
"regulation of cellular protein catabolic process (GO:1903362)","1/18",0.0679482341709108,0.246470613390136,0,0,15.2062643239114,40.8897835379323,"VGLL4"
"intracellular estrogen receptor signaling pathway (GO:0030520)","1/18",0.0679482341709108,0.246470613390136,0,0,15.2062643239114,40.8897835379323,"PPARGC1B"
"cellular response to glucocorticoid stimulus (GO:0071385)","1/18",0.0679482341709108,0.246470613390136,0,0,15.2062643239114,40.8897835379323,"PCK2"
"regulation of fatty acid metabolic process (GO:0019217)","1/18",0.0679482341709108,0.246470613390136,0,0,15.2062643239114,40.8897835379323,"PPARG"
"triglyceride biosynthetic process (GO:0019432)","1/18",0.0679482341709108,0.246470613390136,0,0,15.2062643239114,40.8897835379323,"PCK2"
"embryonic heart tube development (GO:0035050)","1/18",0.0679482341709108,0.246470613390136,0,0,15.2062643239114,40.8897835379323,"MEGF8"
"regulation of Wnt signaling pathway (GO:0030111)","2/111",0.069824933166883,0.248152988893094,0,0,4.78343795267986,12.7323835332729,"GRB10;VGLL4"
"negative regulation of cellular process (GO:0048523)","5/566",0.0701095690890068,0.248152988893094,0,0,2.36380729128513,6.28228115444217,"CTBP2;GLMN;INHBA;GAS8;VGLL4"
"activin receptor signaling pathway (GO:0032924)","1/19",0.0715865031889145,0.248152988893094,0,0,14.3607503607504,37.8671262893082,"INHBA"
"positive regulation of cellular protein catabolic process (GO:1903364)","1/19",0.0715865031889145,0.248152988893094,0,0,14.3607503607504,37.8671262893082,"VGLL4"
"long-term memory (GO:0007616)","1/19",0.0715865031889145,0.248152988893094,0,0,14.3607503607504,37.8671262893082,"EIF2AK4"
"telomere capping (GO:0016233)","1/19",0.0715865031889145,0.248152988893094,0,0,14.3607503607504,37.8671262893082,"DCLRE1A"
"response to lipid (GO:0033993)","2/114",0.073127237084528,0.248152988893094,0,0,4.65460526315789,12.1743731892241,"PPARG;PCK2"
"establishment of epithelial cell polarity (GO:0090162)","1/20",0.0752107517706809,0.248152988893094,0,0,13.6042378673958,35.2004360399448,"OPHN1"
"protein targeting to lysosome (GO:0006622)","1/20",0.0752107517706809,0.248152988893094,0,0,13.6042378673958,35.2004360399448,"AP4M1"
"purine ribonucleoside monophosphate metabolic process (GO:0009167)","1/20",0.0752107517706809,0.248152988893094,0,0,13.6042378673958,35.2004360399448,"PFAS"
"fatty acid transport (GO:0015908)","1/20",0.0752107517706809,0.248152988893094,0,0,13.6042378673958,35.2004360399448,"PPARG"
"gastrulation (GO:0007369)","1/20",0.0752107517706809,0.248152988893094,0,0,13.6042378673958,35.2004360399448,"MEGF8"
"negative regulation of lipid storage (GO:0010888)","1/20",0.0752107517706809,0.248152988893094,0,0,13.6042378673958,35.2004360399448,"PPARG"
"cellular modified amino acid biosynthetic process (GO:0042398)","1/20",0.0752107517706809,0.248152988893094,0,0,13.6042378673958,35.2004360399448,"PTDSS2"
"regulation of hippo signaling (GO:0035330)","1/20",0.0752107517706809,0.248152988893094,0,0,13.6042378673958,35.2004360399448,"VGLL4"
"natural killer cell mediated immunity (GO:0002228)","1/20",0.0752107517706809,0.248152988893094,0,0,13.6042378673958,35.2004360399448,"LYST"
"regulation of cell population proliferation (GO:0042127)","6/764",0.0775558237302624,0.251538160723464,0,0,2.10686015831135,5.38673008082833,"KDM4C;CTBP2;PDGFC;GLMN;INHBA;GAS8"
"positive regulation of cysteine-type endopeptidase activity involved in apoptotic process (GO:0043280)","2/119",0.0787408078221415,0.251538160723464,0,0,4.45456590193432,11.3216967847477,"PPARG;GRAMD4"
"regulation of cardiac muscle cell proliferation (GO:0060043)","1/21",0.0788210332404005,0.251538160723464,0,0,12.9233766233766,32.8328127141317,"VGLL4"
"regulation of cholesterol metabolic process (GO:0090181)","1/21",0.0788210332404005,0.251538160723464,0,0,12.9233766233766,32.8328127141317,"ARV1"
"intracellular lipid transport (GO:0032365)","1/21",0.0788210332404005,0.251538160723464,0,0,12.9233766233766,32.8328127141317,"ARV1"
"sterol transport (GO:0015918)","1/21",0.0788210332404005,0.251538160723464,0,0,12.9233766233766,32.8328127141317,"ARV1"
"negative regulation of B cell activation (GO:0050869)","1/22",0.0824174006878716,0.251998753935691,0,0,12.3073593073593,30.7186604260223,"INHBA"
"positive regulation of axon extension (GO:0045773)","1/22",0.0824174006878716,0.251998753935691,0,0,12.3073593073593,30.7186604260223,"MEGF8"
"female gonad development (GO:0008585)","1/22",0.0824174006878716,0.251998753935691,0,0,12.3073593073593,30.7186604260223,"INHBA"
"negative regulation of phosphate metabolic process (GO:0045936)","1/22",0.0824174006878716,0.251998753935691,0,0,12.3073593073593,30.7186604260223,"INHBA"
"rRNA methylation (GO:0031167)","1/22",0.0824174006878716,0.251998753935691,0,0,12.3073593073593,30.7186604260223,"METTL15"
"limb morphogenesis (GO:0035108)","1/22",0.0824174006878716,0.251998753935691,0,0,12.3073593073593,30.7186604260223,"MEGF8"
"membrane lipid metabolic process (GO:0006643)","1/22",0.0824174006878716,0.251998753935691,0,0,12.3073593073593,30.7186604260223,"ARV1"
"natural killer cell mediated cytotoxicity (GO:0042267)","1/22",0.0824174006878716,0.251998753935691,0,0,12.3073593073593,30.7186604260223,"LYST"
"regulation of phosphorylation (GO:0042325)","2/125",0.0856492751746478,0.254782942297389,0,0,4.23598630723149,10.4099131236449,"GLMN;INHBA"
"regulation of steroid metabolic process (GO:0019218)","1/23",0.0859999070425244,0.254782942297389,0,0,11.7473435655254,28.8210391772366,"ARV1"
"positive regulation of cholesterol efflux (GO:0010875)","1/23",0.0859999070425244,0.254782942297389,0,0,11.7473435655254,28.8210391772366,"PPARG"
"positive regulation of protein autophosphorylation (GO:0031954)","1/23",0.0859999070425244,0.254782942297389,0,0,11.7473435655254,28.8210391772366,"PDGFC"
"regulation of interferon-gamma-mediated signaling pathway (GO:0060334)","1/23",0.0859999070425244,0.254782942297389,0,0,11.7473435655254,28.8210391772366,"PPARG"
"cilium-dependent cell motility (GO:0060285)","1/23",0.0859999070425244,0.254782942297389,0,0,11.7473435655254,28.8210391772366,"GAS8"
"negative regulation of cell growth (GO:0030308)","2/126",0.0868181601321582,0.254782942297389,0,0,4.20161290322581,10.2684875744036,"INHBA;VGLL4"
"negative regulation of growth (GO:0045926)","2/126",0.0868181601321582,0.254782942297389,0,0,4.20161290322581,10.2684875744036,"INHBA;VGLL4"
"regulation of axon extension involved in axon guidance (GO:0048841)","1/24",0.0895686050392431,0.257675198733586,0,0,11.2360248447205,27.1097235574905,"MEGF8"
"regulation of vascular endothelial growth factor receptor signaling pathway (GO:0030947)","1/24",0.0895686050392431,0.257675198733586,0,0,11.2360248447205,27.1097235574905,"GRB10"
"negative regulation of neuron differentiation (GO:0045665)","1/24",0.0895686050392431,0.257675198733586,0,0,11.2360248447205,27.1097235574905,"EIF2AK4"
"lymphocyte activation involved in immune response (GO:0002285)","1/24",0.0895686050392431,0.257675198733586,0,0,11.2360248447205,27.1097235574905,"EIF2AK4"
"protein glycosylation (GO:0006486)","2/130",0.091541612042304,0.257721339057421,0,0,4.06949013157895,9.72999477316932,"ALG8;ALG10B"
"regulation of proteolysis involved in cellular protein catabolic process (GO:1903050)","1/25",0.0931235471667538,0.257721339057421,0,0,10.767316017316,25.5597584357274,"RHBDF1"
"regulation of cholesterol transport (GO:0032374)","1/25",0.0931235471667538,0.257721339057421,0,0,10.767316017316,25.5597584357274,"ARV1"
"positive regulation of lipid metabolic process (GO:0045834)","1/25",0.0931235471667538,0.257721339057421,0,0,10.767316017316,25.5597584357274,"PPARG"
"cellular response to hexose stimulus (GO:0071331)","1/25",0.0931235471667538,0.257721339057421,0,0,10.767316017316,25.5597584357274,"PCK2"
"endosome transport via multivesicular body sorting pathway (GO:0032509)","1/25",0.0931235471667538,0.257721339057421,0,0,10.767316017316,25.5597584357274,"LYST"
"plasma membrane bounded cell projection assembly (GO:0120031)","3/278",0.094779826637789,0.257721339057421,0,0,2.85774545454545,6.73341610077027,"OPHN1;IFT140;EXOC4"
"transmembrane receptor protein serine/threonine kinase signaling pathway (GO:0007178)","2/133",0.0951330050012155,0.257721339057421,0,0,3.97569304941744,9.35273565715906,"INHBA;MEGF8"
"positive regulation of interleukin-2 production (GO:0032743)","1/26",0.0966647857687068,0.257721339057421,0,0,10.3361038961039,24.1503698285366,"GLMN"
"histone lysine demethylation (GO:0070076)","1/26",0.0966647857687068,0.257721339057421,0,0,10.3361038961039,24.1503698285366,"KDM4C"
"histone methylation (GO:0016571)","1/26",0.0966647857687068,0.257721339057421,0,0,10.3361038961039,24.1503698285366,"SMYD3"
"negative regulation of protein transport (GO:0051224)","1/26",0.0966647857687068,0.257721339057421,0,0,10.3361038961039,24.1503698285366,"RHBDF1"
"negative regulation of proteolysis involved in cellular protein catabolic process (GO:1903051)","1/26",0.0966647857687068,0.257721339057421,0,0,10.3361038961039,24.1503698285366,"OPHN1"
"negative regulation of signaling receptor activity (GO:2000272)","1/26",0.0966647857687068,0.257721339057421,0,0,10.3361038961039,24.1503698285366,"PPARG"
"mononuclear cell differentiation (GO:1903131)","1/26",0.0966647857687068,0.257721339057421,0,0,10.3361038961039,24.1503698285366,"PPARG"
"positive regulation of erythrocyte differentiation (GO:0045648)","1/27",0.100192372989806,0.257721339057421,0,0,9.93806193806194,22.8641334904795,"INHBA"
"negative regulation of insulin receptor signaling pathway (GO:0046627)","1/27",0.100192372989806,0.257721339057421,0,0,9.93806193806194,22.8641334904795,"GRB10"
"cellular senescence (GO:0090398)","1/27",0.100192372989806,0.257721339057421,0,0,9.93806193806194,22.8641334904795,"ULK3"
"melanosome organization (GO:0032438)","1/27",0.100192372989806,0.257721339057421,0,0,9.93806193806194,22.8641334904795,"LYST"
"peptidyl-lysine methylation (GO:0018022)","1/27",0.100192372989806,0.257721339057421,0,0,9.93806193806194,22.8641334904795,"SMYD3"
"presynaptic endocytosis (GO:0140238)","1/27",0.100192372989806,0.257721339057421,0,0,9.93806193806194,22.8641334904795,"OPHN1"
"transcription initiation from RNA polymerase II promoter (GO:0006367)","2/140",0.103667035182481,0.257721339057421,0,0,3.77269260106789,8.55107602126334,"THRA;PPARG"
"regulation of protein transport (GO:0051223)","1/28",0.103706360750846,0.257721339057421,0,0,9.56950456950457,21.686333049835,"RHBDF1"
"regulation of small molecule metabolic process (GO:0062012)","1/28",0.103706360750846,0.257721339057421,0,0,9.56950456950457,21.686333049835,"ARV1"
"negative regulation of cellular response to insulin stimulus (GO:1900077)","1/28",0.103706360750846,0.257721339057421,0,0,9.56950456950457,21.686333049835,"GRB10"
"positive regulation of defense response to virus by host (GO:0002230)","1/28",0.103706360750846,0.257721339057421,0,0,9.56950456950457,21.686333049835,"EIF2AK4"
"bile acid and bile salt transport (GO:0015721)","1/28",0.103706360750846,0.257721339057421,0,0,9.56950456950457,21.686333049835,"SLC10A5"
"positive regulation of fibroblast proliferation (GO:0048146)","1/28",0.103706360750846,0.257721339057421,0,0,9.56950456950457,21.686333049835,"PDGFC"
"carbohydrate derivative biosynthetic process (GO:1901137)","1/28",0.103706360750846,0.257721339057421,0,0,9.56950456950457,21.686333049835,"ALG8"
"regulation of extrinsic apoptotic signaling pathway in absence of ligand (GO:2001239)","1/28",0.103706360750846,0.257721339057421,0,0,9.56950456950457,21.686333049835,"INHBA"
"T cell activation involved in immune response (GO:0002286)","1/28",0.103706360750846,0.257721339057421,0,0,9.56950456950457,21.686333049835,"EIF2AK4"
"protein localization to lysosome (GO:0061462)","1/28",0.103706360750846,0.257721339057421,0,0,9.56950456950457,21.686333049835,"AP4M1"
"positive regulation of extrinsic apoptotic signaling pathway (GO:2001238)","1/29",0.107206800786611,0.260731387999425,0,0,9.22727272727273,20.6044593278802,"INHBA"
"negative regulation of interferon-gamma production (GO:0032689)","1/29",0.107206800786611,0.260731387999425,0,0,9.22727272727273,20.6044593278802,"INHBA"
"negative regulation of myeloid leukocyte differentiation (GO:0002762)","1/29",0.107206800786611,0.260731387999425,0,0,9.22727272727273,20.6044593278802,"INHBA"
"response to zinc ion (GO:0010043)","1/29",0.107206800786611,0.260731387999425,0,0,9.22727272727273,20.6044593278802,"PAM"
"limb development (GO:0060173)","1/29",0.107206800786611,0.260731387999425,0,0,9.22727272727273,20.6044593278802,"MEGF8"
"negative regulation of nucleic acid-templated transcription (GO:1903507)","4/464",0.107596343335379,0.260731387999425,0,0,2.28695652173913,5.09846909504448,"THRA;CTBP2;PPARG;VGLL4"
"protein N-linked glycosylation via asparagine (GO:0018279)","1/30",0.11069374465887,0.262669701723305,0,0,8.90864308105687,19.6078160545355,"ALG8"
"regulation of type I interferon-mediated signaling pathway (GO:0060338)","1/30",0.11069374465887,0.262669701723305,0,0,8.90864308105687,19.6078160545355,"USP18"
"Golgi to plasma membrane protein transport (GO:0043001)","1/30",0.11069374465887,0.262669701723305,0,0,8.90864308105687,19.6078160545355,"VAMP4"
"positive regulation of phosphate metabolic process (GO:0045937)","1/30",0.11069374465887,0.262669701723305,0,0,8.90864308105687,19.6078160545355,"GLMN"
"regulation of long-term synaptic potentiation (GO:1900271)","1/30",0.11069374465887,0.262669701723305,0,0,8.90864308105687,19.6078160545355,"EIF2AK4"
"negative regulation of osteoblast differentiation (GO:0045668)","1/31",0.114167243712283,0.262669701723305,0,0,8.61125541125541,18.6872066227414,"PPARG"
"regulation of macrophage derived foam cell differentiation (GO:0010743)","1/31",0.114167243712283,0.262669701723305,0,0,8.61125541125541,18.6872066227414,"PPARG"
"organelle transport along microtubule (GO:0072384)","1/31",0.114167243712283,0.262669701723305,0,0,8.61125541125541,18.6872066227414,"COPG2"
"peptidyl-asparagine modification (GO:0018196)","1/31",0.114167243712283,0.262669701723305,0,0,8.61125541125541,18.6872066227414,"ALG8"
"embryonic skeletal system morphogenesis (GO:0048704)","1/31",0.114167243712283,0.262669701723305,0,0,8.61125541125541,18.6872066227414,"MEGF8"
"establishment or maintenance of epithelial cell apical/basal polarity (GO:0045197)","1/32",0.117627349119139,0.262669701723305,0,0,8.33305404273146,17.8346831696617,"OPHN1"
"hematopoietic progenitor cell differentiation (GO:0002244)","1/32",0.117627349119139,0.262669701723305,0,0,8.33305404273146,17.8346831696617,"INHBA"
"RNA biosynthetic process (GO:0032774)","1/32",0.117627349119139,0.262669701723305,0,0,8.33305404273146,17.8346831696617,"BRF2"
"intra-Golgi vesicle-mediated transport (GO:0006891)","1/32",0.117627349119139,0.262669701723305,0,0,8.33305404273146,17.8346831696617,"COPG2"
"cellular response to glucose stimulus (GO:0071333)","1/32",0.117627349119139,0.262669701723305,0,0,8.33305404273146,17.8346831696617,"PCK2"
"liver development (GO:0001889)","1/32",0.117627349119139,0.262669701723305,0,0,8.33305404273146,17.8346831696617,"PCK2"
"long-chain fatty acid transport (GO:0015909)","1/32",0.117627349119139,0.262669701723305,0,0,8.33305404273146,17.8346831696617,"PPARG"
"endodermal cell differentiation (GO:0035987)","1/32",0.117627349119139,0.262669701723305,0,0,8.33305404273146,17.8346831696617,"INHBA"
"positive regulation of cholesterol transport (GO:0032376)","1/33",0.121074111852237,0.262669701723305,0,0,8.07224025974026,17.0433440575714,"PPARG"
"regulation of cholesterol efflux (GO:0010874)","1/33",0.121074111852237,0.262669701723305,0,0,8.07224025974026,17.0433440575714,"PPARG"
"negative regulation of smooth muscle cell proliferation (GO:0048662)","1/33",0.121074111852237,0.262669701723305,0,0,8.07224025974026,17.0433440575714,"PPARG"
"neuron projection extension (GO:1990138)","1/33",0.121074111852237,0.262669701723305,0,0,8.07224025974026,17.0433440575714,"EIF2AK4"
"vasculogenesis (GO:0001570)","1/33",0.121074111852237,0.262669701723305,0,0,8.07224025974026,17.0433440575714,"GLMN"
"cilium assembly (GO:0060271)","3/314",0.124186197290832,0.262669701723305,0,0,2.52231511254019,5.2614818492543,"IFT140;EXOC4;GAS8"
"epithelial tube morphogenesis (GO:0060562)","1/34",0.124507582701343,0.262669701723305,0,0,7.82723337268792,16.3071692454862,"MEGF8"
"negative regulation of blood vessel endothelial cell migration (GO:0043537)","1/34",0.124507582701343,0.262669701723305,0,0,7.82723337268792,16.3071692454862,"PPARG"
"positive regulation of DNA binding (GO:0043388)","1/34",0.124507582701343,0.262669701723305,0,0,7.82723337268792,16.3071692454862,"PPARG"
"axoneme assembly (GO:0035082)","1/34",0.124507582701343,0.262669701723305,0,0,7.82723337268792,16.3071692454862,"GAS8"
"histone lysine methylation (GO:0034968)","1/34",0.124507582701343,0.262669701723305,0,0,7.82723337268792,16.3071692454862,"SMYD3"
"secondary alcohol biosynthetic process (GO:1902653)","1/34",0.124507582701343,0.262669701723305,0,0,7.82723337268792,16.3071692454862,"ARV1"
"positive regulation of pri-miRNA transcription by RNA polymerase II (GO:1902895)","1/34",0.124507582701343,0.262669701723305,0,0,7.82723337268792,16.3071692454862,"PPARG"
"central nervous system neuron differentiation (GO:0021953)","1/34",0.124507582701343,0.262669701723305,0,0,7.82723337268792,16.3071692454862,"OPHN1"
"synaptic vesicle recycling (GO:0036465)","1/34",0.124507582701343,0.262669701723305,0,0,7.82723337268792,16.3071692454862,"OPHN1"
"phosphatidylserine metabolic process (GO:0006658)","1/34",0.124507582701343,0.262669701723305,0,0,7.82723337268792,16.3071692454862,"PTDSS2"
"organonitrogen compound biosynthetic process (GO:1901566)","2/158",0.126497686901332,0.262669701723305,0,0,3.33434547908232,6.89386349746104,"INHBA;PAM"
"protein autophosphorylation (GO:0046777)","2/159",0.127799545559897,0.262669701723305,0,0,3.31293999329534,6.81568591509431,"ULK3;EIF2AK4"
"smoothened signaling pathway (GO:0007224)","1/35",0.127927812234863,0.262669701723305,0,0,7.59663865546218,15.6208855758353,"ULK3"
"negative regulation of T cell proliferation (GO:0042130)","1/35",0.127927812234863,0.262669701723305,0,0,7.59663865546218,15.6208855758353,"GLMN"
"cholesterol biosynthetic process (GO:0006695)","1/35",0.127927812234863,0.262669701723305,0,0,7.59663865546218,15.6208855758353,"ARV1"
"positive regulation of reproductive process (GO:2000243)","1/35",0.127927812234863,0.262669701723305,0,0,7.59663865546218,15.6208855758353,"INHBA"
"muscle cell differentiation (GO:0042692)","1/35",0.127927812234863,0.262669701723305,0,0,7.59663865546218,15.6208855758353,"GLMN"
"embryonic skeletal system development (GO:0048706)","1/35",0.127927812234863,0.262669701723305,0,0,7.59663865546218,15.6208855758353,"MEGF8"
"protein localization to cilium (GO:0061512)","1/35",0.127927812234863,0.262669701723305,0,0,7.59663865546218,15.6208855758353,"IFT140"
"establishment of protein localization to plasma membrane (GO:0061951)","1/36",0.131334850861653,0.262669701723305,0,0,7.37922077922078,14.979855842667,"VAMP4"
"regulation of androgen receptor signaling pathway (GO:0060765)","1/36",0.131334850861653,0.262669701723305,0,0,7.37922077922078,14.979855842667,"KDM4C"
"positive regulation of innate immune response (GO:0045089)","1/36",0.131334850861653,0.262669701723305,0,0,7.37922077922078,14.979855842667,"POLR3F"
"positive regulation of interferon-beta production (GO:0032728)","1/36",0.131334850861653,0.262669701723305,0,0,7.37922077922078,14.979855842667,"POLR3F"
"regulation of defense response to virus by host (GO:0050691)","1/36",0.131334850861653,0.262669701723305,0,0,7.37922077922078,14.979855842667,"EIF2AK4"
"negative regulation of toll-like receptor signaling pathway (GO:0034122)","1/36",0.131334850861653,0.262669701723305,0,0,7.37922077922078,14.979855842667,"GRAMD4"
"embryonic limb morphogenesis (GO:0030326)","1/36",0.131334850861653,0.262669701723305,0,0,7.37922077922078,14.979855842667,"MEGF8"
"endoderm formation (GO:0001706)","1/36",0.131334850861653,0.262669701723305,0,0,7.37922077922078,14.979855842667,"INHBA"
"negative regulation of endothelial cell proliferation (GO:0001937)","1/37",0.134728748792227,0.263149128075788,0,0,7.17388167388167,14.3799869179912,"PPARG"
"regulation of vascular associated smooth muscle cell proliferation (GO:1904705)","1/37",0.134728748792227,0.263149128075788,0,0,7.17388167388167,14.3799869179912,"PPARG"
"regulation of erythrocyte differentiation (GO:0045646)","1/37",0.134728748792227,0.263149128075788,0,0,7.17388167388167,14.3799869179912,"INHBA"
"positive regulation of myeloid cell differentiation (GO:0045639)","1/37",0.134728748792227,0.263149128075788,0,0,7.17388167388167,14.3799869179912,"INHBA"
"regulation of glucose import (GO:0046324)","1/37",0.134728748792227,0.263149128075788,0,0,7.17388167388167,14.3799869179912,"GRB10"
"regulation of intracellular steroid hormone receptor signaling pathway (GO:0033143)","1/37",0.134728748792227,0.263149128075788,0,0,7.17388167388167,14.3799869179912,"KDM4C"
"regulation of protein autophosphorylation (GO:0031952)","1/37",0.134728748792227,0.263149128075788,0,0,7.17388167388167,14.3799869179912,"PDGFC"
"negative regulation of endothelial cell migration (GO:0010596)","1/38",0.138109556063528,0.26531572612204,0,0,6.97964197964198,13.8176532336028,"PPARG"
"negative regulation of innate immune response (GO:0045824)","1/38",0.138109556063528,0.26531572612204,0,0,6.97964197964198,13.8176532336028,"USP18"
"negative regulation of proteasomal protein catabolic process (GO:1901799)","1/38",0.138109556063528,0.26531572612204,0,0,6.97964197964198,13.8176532336028,"OPHN1"
"sterol biosynthetic process (GO:0016126)","1/38",0.138109556063528,0.26531572612204,0,0,6.97964197964198,13.8176532336028,"ARV1"
"synaptic vesicle endocytosis (GO:0048488)","1/38",0.138109556063528,0.26531572612204,0,0,6.97964197964198,13.8176532336028,"OPHN1"
"negative regulation of lymphocyte proliferation (GO:0050672)","1/39",0.141477322494677,0.267387560960813,0,0,6.79562542720437,13.2896327267746,"GLMN"
"negative regulation of protein secretion (GO:0050709)","1/39",0.141477322494677,0.267387560960813,0,0,6.79562542720437,13.2896327267746,"RHBDF1"
"negative regulation of secretion by cell (GO:1903531)","1/39",0.141477322494677,0.267387560960813,0,0,6.79562542720437,13.2896327267746,"RHBDF1"
"cellular response to ketone (GO:1901655)","1/39",0.141477322494677,0.267387560960813,0,0,6.79562542720437,13.2896327267746,"PCK2"
"odontogenesis (GO:0042476)","1/39",0.141477322494677,0.267387560960813,0,0,6.79562542720437,13.2896327267746,"INHBA"
"positive regulation of transcription by RNA polymerase II (GO:0045944)","6/908",0.142864060019346,0.269137455004187,0,0,1.75720620842572,3.41928031285587,"THRA;CTBP2;PPARG;INHBA;SSBP2;PPARGC1B"
"fatty acid derivative biosynthetic process (GO:1901570)","1/40",0.144832097748898,0.269369251864193,0,0,6.62104562104562,12.7930529481035,"PAM"
"intraciliary transport involved in cilium assembly (GO:0035735)","1/40",0.144832097748898,0.269369251864193,0,0,6.62104562104562,12.7930529481035,"IFT140"
"organic hydroxy compound transport (GO:0015850)","1/40",0.144832097748898,0.269369251864193,0,0,6.62104562104562,12.7930529481035,"SLC10A5"
"digestive tract development (GO:0048565)","1/40",0.144832097748898,0.269369251864193,0,0,6.62104562104562,12.7930529481035,"MEGF8"
"neuron differentiation (GO:0030182)","2/174",0.147689843937573,0.272976580002163,0,0,3.02172582619339,5.77947626244874,"OPHN1;INHBA"
"gluconeogenesis (GO:0006094)","1/41",0.148173931268298,0.272976580002163,0,0,6.45519480519481,12.3253455188997,"PCK2"
"nucleobase-containing compound catabolic process (GO:0034655)","1/41",0.148173931268298,0.272976580002163,0,0,6.45519480519481,12.3253455188997,"ENTPD6"
"regulation of ubiquitin-dependent protein catabolic process (GO:2000058)","1/42",0.151502872333873,0.276492742009318,0,0,6.29743427304403,11.8842074645436,"GLMN"
"skeletal system morphogenesis (GO:0048705)","1/42",0.151502872333873,0.276492742009318,0,0,6.29743427304403,11.8842074645436,"MEGF8"
"determination of left/right symmetry (GO:0007368)","1/42",0.151502872333873,0.276492742009318,0,0,6.29743427304403,11.8842074645436,"MEGF8"
"cellular glucose homeostasis (GO:0001678)","1/43",0.154818970076284,0.27992036694907,0,0,6.14718614718615,11.4675682556862,"PCK2"
"male gonad development (GO:0008584)","1/43",0.154818970076284,0.27992036694907,0,0,6.14718614718615,11.4675682556862,"INHBA"
"development of primary male sexual characteristics (GO:0046546)","1/43",0.154818970076284,0.27992036694907,0,0,6.14718614718615,11.4675682556862,"INHBA"
"hexose biosynthetic process (GO:0019319)","1/44",0.158122273356723,0.282395742019346,0,0,6.00392630625189,11.073561606344,"PCK2"
"intracellular steroid hormone receptor signaling pathway (GO:0030518)","1/44",0.158122273356723,0.282395742019346,0,0,6.00392630625189,11.073561606344,"PPARGC1B"
"mitotic spindle assembly (GO:0090307)","1/44",0.158122273356723,0.282395742019346,0,0,6.00392630625189,11.073561606344,"CCDC61"
"embryonic organ morphogenesis (GO:0048562)","1/44",0.158122273356723,0.282395742019346,0,0,6.00392630625189,11.073561606344,"MEGF8"
"positive regulation of chemotaxis (GO:0050921)","1/45",0.161412830908681,0.283078358110119,0,0,5.86717827626919,10.7005012370444,"MEGF8"
"negative regulation of T cell activation (GO:0050868)","1/45",0.161412830908681,0.283078358110119,0,0,5.86717827626919,10.7005012370444,"GLMN"
"regulation of insulin receptor signaling pathway (GO:0046626)","1/45",0.161412830908681,0.283078358110119,0,0,5.86717827626919,10.7005012370444,"GRB10"
"positive regulation of response to biotic stimulus (GO:0002833)","1/45",0.161412830908681,0.283078358110119,0,0,5.86717827626919,10.7005012370444,"POLR3F"
"microtubule bundle formation (GO:0001578)","1/45",0.161412830908681,0.283078358110119,0,0,5.86717827626919,10.7005012370444,"GAS8"
"regulation of pri-miRNA transcription by RNA polymerase II (GO:1902893)","1/45",0.161412830908681,0.283078358110119,0,0,5.86717827626919,10.7005012370444,"PPARG"
"endoplasmic reticulum to Golgi vesicle-mediated transport (GO:0006888)","2/185",0.162654672974033,0.284291712895113,0,0,2.83851020995111,5.15509189901234,"COPG2;VAMP4"
"erythrocyte differentiation (GO:0030218)","1/46",0.16469069128214,0.284291712895113,0,0,5.73650793650794,10.3468599868962,"INHBA"
"establishment of protein localization to extracellular region (GO:0035592)","1/46",0.16469069128214,0.284291712895113,0,0,5.73650793650794,10.3468599868962,"COPG2"
"regulation of synaptic transmission, glutamatergic (GO:0051966)","1/46",0.16469069128214,0.284291712895113,0,0,5.73650793650794,10.3468599868962,"OPHN1"
"regulation of fibroblast proliferation (GO:0048145)","1/46",0.16469069128214,0.284291712895113,0,0,5.73650793650794,10.3468599868962,"PDGFC"
"negative regulation of cellular macromolecule biosynthetic process (GO:2000113)","4/547",0.165025497725074,0.284291712895113,0,0,1.9291224926584,3.47561373499181,"THRA;CTBP2;PPARG;VGLL4"
"regulation of DNA binding (GO:0051101)","1/47",0.167955902843202,0.285965735453148,0,0,5.61151891586674,10.0112517416357,"PPARG"
"positive regulation of pathway-restricted SMAD protein phosphorylation (GO:0010862)","1/47",0.167955902843202,0.285965735453148,0,0,5.61151891586674,10.0112517416357,"INHBA"
"determination of heart left/right asymmetry (GO:0061371)","1/47",0.167955902843202,0.285965735453148,0,0,5.61151891586674,10.0112517416357,"MEGF8"
"embryonic heart tube morphogenesis (GO:0003143)","1/47",0.167955902843202,0.285965735453148,0,0,5.61151891586674,10.0112517416357,"MEGF8"
"negative regulation of cell differentiation (GO:0045596)","2/191",0.170931015277745,0.288976219749754,0,0,2.74756335282651,4.85355753849145,"PPARG;EIF2AK4"
"negative regulation of Wnt signaling pathway (GO:0030178)","2/191",0.170931015277745,0.288976219749754,0,0,2.74756335282651,4.85355753849145,"GRB10;VGLL4"
"regulation of interleukin-2 production (GO:0032663)","1/48",0.171208513755847,0.288976219749754,0,0,5.49184857695496,9.69241574930793,"GLMN"
"regulation of smooth muscle cell proliferation (GO:0048660)","1/49",0.174448571997026,0.291079902989324,0,0,5.3771645021645,9.38920296403992,"PPARG"
"response to glucose (GO:0009749)","1/49",0.174448571997026,0.291079902989324,0,0,5.3771645021645,9.38920296403992,"PCK2"
"regulation of cellular protein metabolic process (GO:0032268)","1/49",0.174448571997026,0.291079902989324,0,0,5.3771645021645,9.38920296403992,"INHBA"
"regulation of interferon-beta production (GO:0032648)","1/49",0.174448571997026,0.291079902989324,0,0,5.3771645021645,9.38920296403992,"POLR3F"
"positive regulation of fat cell differentiation (GO:0045600)","1/51",0.180891221663407,0.299473098462563,0,0,5.16155844155844,8.8255392904828,"PPARG"
"gonad development (GO:0008406)","1/51",0.180891221663407,0.299473098462563,0,0,5.16155844155844,8.8255392904828,"INHBA"
"negative regulation of BMP signaling pathway (GO:0030514)","1/52",0.18409390813024,0.299473098462563,0,0,5.06009676597912,8.56324872131585,"PPARG"
"ameboidal-type cell migration (GO:0001667)","1/52",0.18409390813024,0.299473098462563,0,0,5.06009676597912,8.56324872131585,"MEGF8"
"amide biosynthetic process (GO:0043604)","1/52",0.18409390813024,0.299473098462563,0,0,5.06009676597912,8.56324872131585,"PAM"
"negative regulation of protein-containing complex assembly (GO:0031333)","1/52",0.18409390813024,0.299473098462563,0,0,5.06009676597912,8.56324872131585,"THRA"
"positive regulation of protein localization to plasma membrane (GO:1903078)","1/52",0.18409390813024,0.299473098462563,0,0,5.06009676597912,8.56324872131585,"CNST"
"cilium movement (GO:0003341)","1/52",0.18409390813024,0.299473098462563,0,0,5.06009676597912,8.56324872131585,"GAS8"
"myeloid cell differentiation (GO:0030099)","1/52",0.18409390813024,0.299473098462563,0,0,5.06009676597912,8.56324872131585,"INHBA"
"heart morphogenesis (GO:0003007)","1/53",0.187284232153888,0.30362579943516,0,0,4.96253746253746,8.31288475012527,"MEGF8"
"axon guidance (GO:0007411)","2/203",0.187686495883721,0.30362579943516,0,0,2.58195862791307,4.31957104042757,"OPHN1;GRB10"
"cytoplasmic microtubule organization (GO:0031122)","1/54",0.190462240808856,0.307265051470641,0,0,4.86865964224455,8.07370468721099,"FIGNL2"
"regulation of inflammatory response (GO:0050727)","2/206",0.191912187116147,0.30875128726124,0,0,2.54360165118679,4.19876742885186,"PPARG;USP18"
"pyruvate metabolic process (GO:0006090)","1/55",0.193627981034767,0.30895830853635,0,0,4.77825877825878,7.84502450691456,"PCK2"
"regulation of blood vessel endothelial cell migration (GO:0043535)","1/55",0.193627981034767,0.30895830853635,0,0,4.77825877825878,7.84502450691456,"PPARG"
"interstrand cross-link repair (GO:0036297)","1/55",0.193627981034767,0.30895830853635,0,0,4.77825877825878,7.84502450691456,"DCLRE1A"
"autophagosome organization (GO:1905037)","1/56",0.196781499561096,0.312283684086087,0,0,4.69114521841795,7.62621325808419,"ULK3"
"blood vessel morphogenesis (GO:0048514)","1/56",0.196781499561096,0.312283684086087,0,0,4.69114521841795,7.62621325808419,"GLMN"
"renal system development (GO:0072001)","1/57",0.199922842964799,0.315553892679574,0,0,4.60714285714286,7.4166880926329,"C1GALT1"
"monocarboxylic acid transport (GO:0015718)","1/57",0.199922842964799,0.315553892679574,0,0,4.60714285714286,7.4166880926329,"SLC10A5"
"RNA modification (GO:0009451)","1/58",0.203052057650454,0.318769896956627,0,0,4.52608794714058,7.21590983901805,"ANKRD16"
"regulation of pathway-restricted SMAD protein phosphorylation (GO:0060393)","1/58",0.203052057650454,0.318769896956627,0,0,4.52608794714058,7.21590983901805,"INHBA"
"regulation of secretion by cell (GO:1903530)","1/59",0.206169189854455,0.322795728887404,0,0,4.44782803403493,7.02337905049818,"RHBDF1"
"regulation of cell growth (GO:0001558)","2/217",0.207510630134104,0.324027294113147,0,0,2.41211750305998,3.79323016118622,"INHBA;VGLL4"
"regulation of DNA-templated transcription, initiation (GO:2000142)","1/61",0.212367390722039,0.328972297564114,0,0,4.2991341991342,6.6612398706681,"THRA"
"regulation of endocytosis (GO:0030100)","1/61",0.212367390722039,0.328972297564114,0,0,4.2991341991342,6.6612398706681,"OPHN1"
"O-glycan processing (GO:0016266)","1/61",0.212367390722039,0.328972297564114,0,0,4.2991341991342,6.6612398706681,"C1GALT1"
"transcription, DNA-templated (GO:0006351)","2/221",0.213217832746948,0.329415910910628,0,0,2.3675799086758,3.65895493594898,"BRF2;THRA"
"positive regulation of cysteine-type endopeptidase activity (GO:2001056)","1/62",0.215448551030427,0.330241348561074,0,0,4.22844368746008,6.49080119197452,"GRAMD4"
"glucose metabolic process (GO:0006006)","1/62",0.215448551030427,0.330241348561074,0,0,4.22844368746008,6.49080119197452,"PCK2"
"double-strand break repair via nonhomologous end joining (GO:0006303)","1/62",0.215448551030427,0.330241348561074,0,0,4.22844368746008,6.49080119197452,"DCLRE1A"
"cell cycle G1/S phase transition (GO:0044843)","1/63",0.218517811977594,0.334069115693494,0,0,4.16003351487222,6.32694400578891,"INHBA"
"protein secretion (GO:0009306)","1/64",0.221575218941979,0.334366738661798,0,0,4.09379509379509,6.16932119759128,"COPG2"
"regulation of cilium assembly (GO:1902017)","1/64",0.221575218941979,0.334366738661798,0,0,4.09379509379509,6.16932119759128,"IFT140"
"lipid homeostasis (GO:0055088)","1/64",0.221575218941979,0.334366738661798,0,0,4.09379509379509,6.16932119759128,"PPARG"
"tRNA processing (GO:0008033)","1/64",0.221575218941979,0.334366738661798,0,0,4.09379509379509,6.16932119759128,"ANKRD16"
"plasma membrane organization (GO:0007009)","1/64",0.221575218941979,0.334366738661798,0,0,4.09379509379509,6.16932119759128,"ARV1"
"cilium organization (GO:0044782)","2/228",0.223242043023192,0.335495031159073,0,0,2.29343269678621,3.43899935061169,"IFT140;EXOC4"
"BMP signaling pathway (GO:0030509)","1/65",0.224620817094516,0.335495031159073,0,0,4.02962662337662,6.01760889096194,"MEGF8"
"chemical homeostasis (GO:0048878)","1/65",0.224620817094516,0.335495031159073,0,0,4.02962662337662,6.01760889096194,"PPARG"
"tRNA modification (GO:0006400)","1/65",0.224620817094516,0.335495031159073,0,0,4.02962662337662,6.01760889096194,"ANKRD16"
"organelle assembly (GO:0070925)","3/425",0.230432778239893,0.341916832258725,0,0,1.84834123222749,2.7129880403276,"IFT140;EXOC4;CCDC61"
"regulation of epidermal growth factor receptor signaling pathway (GO:0042058)","1/67",0.230676766969071,0.341916832258725,0,0,3.90712317985045,5.73072535698177,"RHBDF1"
"regulation of gene silencing by miRNA (GO:0060964)","1/67",0.230676766969071,0.341916832258725,0,0,3.90712317985045,5.73072535698177,"PPARG"
"regulation of translational initiation (GO:0006446)","1/68",0.233687208173714,0.345502100185946,0,0,3.84861407249467,5.59500651159212,"EIF2AK4"
"positive regulation of MAP kinase activity (GO:0043406)","1/69",0.236686019655141,0.34817288533653,0,0,3.79182582123759,5.46409998366956,"PDGFC"
"positive regulation of protein transport (GO:0051222)","1/69",0.236686019655141,0.34817288533653,0,0,3.79182582123759,5.46409998366956,"CNST"
"carbohydrate homeostasis (GO:0033500)","1/70",0.239673245782485,0.348174386982301,0,0,3.73668360624882,5.33777316136557,"PPARG"
"kidney development (GO:0001822)","1/70",0.239673245782485,0.348174386982301,0,0,3.73668360624882,5.33777316136557,"C1GALT1"
"cellular response to light stimulus (GO:0071482)","1/70",0.239673245782485,0.348174386982301,0,0,3.73668360624882,5.33777316136557,"EIF2AK4"
"sterol metabolic process (GO:0016125)","1/70",0.239673245782485,0.348174386982301,0,0,3.73668360624882,5.33777316136557,"ARV1"
"regulation of plasma membrane bounded cell projection assembly (GO:0120032)","1/70",0.239673245782485,0.348174386982301,0,0,3.73668360624882,5.33777316136557,"IFT140"
"axonogenesis (GO:0007409)","2/240",0.240510420321275,0.348174386982301,0,0,2.17647058823529,3.10145287750134,"OPHN1;GRB10"
"positive regulation of cellular protein localization (GO:1903829)","1/71",0.242648930653761,0.348174386982301,0,0,3.68311688311688,5.21580770677263,"GAS8"
"response to metal ion (GO:0010038)","1/71",0.242648930653761,0.348174386982301,0,0,3.68311688311688,5.21580770677263,"PAM"
"cellular response to BMP stimulus (GO:0071773)","1/71",0.242648930653761,0.348174386982301,0,0,3.68311688311688,5.21580770677263,"MEGF8"
"myeloid leukocyte differentiation (GO:0002573)","1/71",0.242648930653761,0.348174386982301,0,0,3.68311688311688,5.21580770677263,"PPARG"
"extrinsic apoptotic signaling pathway (GO:0097191)","1/72",0.245613118346404,0.348997715606569,0,0,3.63105908176331,5.09799849287187,"INHBA"
"response to ionizing radiation (GO:0010212)","1/72",0.245613118346404,0.348997715606569,0,0,3.63105908176331,5.09799849287187,"IKBIP"
"cell junction organization (GO:0034330)","1/72",0.245613118346404,0.348997715606569,0,0,3.63105908176331,5.09799849287187,"OPHN1"
"cell morphogenesis involved in differentiation (GO:0000904)","1/72",0.245613118346404,0.348997715606569,0,0,3.63105908176331,5.09799849287187,"OPHN1"
"regulation of Rho protein signal transduction (GO:0035023)","1/73",0.248565852719463,0.350633956493156,0,0,3.58044733044733,4.98415263947084,"OPHN1"
"insulin receptor signaling pathway (GO:0008286)","1/73",0.248565852719463,0.350633956493156,0,0,3.58044733044733,4.98415263947084,"GRB10"
"positive regulation of synaptic transmission (GO:0050806)","1/73",0.248565852719463,0.350633956493156,0,0,3.58044733044733,4.98415263947084,"EIF2AK4"
"positive regulation of DNA-binding transcription factor activity (GO:0051091)","2/246",0.249172495303214,0.350642740378499,0,0,2.12230371009491,2.94917418297784,"PPARG;PPARGC1B"
"regulation of cytokine-mediated signaling pathway (GO:0001959)","1/74",0.251507177390668,0.351388018172607,0,0,3.53122220245508,4.87408862904439,"USP18"
"cellular response to amino acid starvation (GO:0034198)","1/74",0.251507177390668,0.351388018172607,0,0,3.53122220245508,4.87408862904439,"EIF2AK4"
"mitotic nuclear division (GO:0140014)","1/74",0.251507177390668,0.351388018172607,0,0,3.53122220245508,4.87408862904439,"CCDC61"
"nervous system development (GO:0007399)","3/447",0.253312156222666,0.35306515330319,0,0,1.75477477477477,2.40953868004322,"OPHN1;PDGFC;INHBA"
"response to amino acid starvation (GO:1990928)","1/75",0.254437135924668,0.353473643345307,0,0,3.48332748332748,4.76763549437428,"EIF2AK4"
"regulation of transcription, DNA-templated (GO:0006355)","11/2244",0.255763038385056,0.353473643345307,0,0,1.30056613484303,1.77332698987706,"BRF2;KDM4C;THRA;CTBP2;ZFP2;POLR3F;PPARG;INHBA;SSBP2;VGLL4;PPARGC1B"
"actomyosin structure organization (GO:0031032)","1/76",0.257355771692734,0.353473643345307,0,0,3.43670995670996,4.66463207848593,"FRMD6"
"regulation of T cell proliferation (GO:0042129)","1/76",0.257355771692734,0.353473643345307,0,0,3.43670995670996,4.66463207848593,"GLMN"
"regulation of BMP signaling pathway (GO:0030510)","1/76",0.257355771692734,0.353473643345307,0,0,3.43670995670996,4.66463207848593,"PPARG"
"cell morphogenesis involved in neuron differentiation (GO:0048667)","1/76",0.257355771692734,0.353473643345307,0,0,3.43670995670996,4.66463207848593,"OPHN1"
"positive regulation of phosphatidylinositol 3-kinase signaling (GO:0014068)","1/77",0.26026312780562,0.353473643345307,0,0,3.39131920710868,4.56492635442045,"PDGFC"
"cellular response to UV (GO:0034644)","1/77",0.26026312780562,0.353473643345307,0,0,3.39131920710868,4.56492635442045,"EIF2AK4"
"cholesterol metabolic process (GO:0008203)","1/77",0.26026312780562,0.353473643345307,0,0,3.39131920710868,4.56492635442045,"ARV1"
"positive regulation of type I interferon production (GO:0032481)","1/77",0.26026312780562,0.353473643345307,0,0,3.39131920710868,4.56492635442045,"POLR3F"
"regulation of organelle assembly (GO:1902115)","1/77",0.26026312780562,0.353473643345307,0,0,3.39131920710868,4.56492635442045,"IFT140"
"negative regulation of blood vessel morphogenesis (GO:2000181)","1/78",0.263159247366178,0.35657772728967,0,0,3.34710743801653,4.46837479616033,"PPARG"
"regulation of neuron differentiation (GO:0045664)","1/79",0.266044173229341,0.35965230825448,0,0,3.3040293040293,4.3748418063464,"EIF2AK4"
"negative regulation of cell cycle (GO:0045786)","1/80",0.268917948075424,0.360202022192769,0,0,3.26204175571264,4.28419918535119,"INHBA"
"negative regulation of cellular response to growth factor stimulus (GO:0090288)","1/80",0.268917948075424,0.360202022192769,0,0,3.26204175571264,4.28419918535119,"PPARG"
"regulation of fat cell differentiation (GO:0045598)","1/80",0.268917948075424,0.360202022192769,0,0,3.26204175571264,4.28419918535119,"PPARG"
"lipid biosynthetic process (GO:0008610)","1/80",0.268917948075424,0.360202022192769,0,0,3.26204175571264,4.28419918535119,"PAM"
"cellular component assembly (GO:0022607)","2/261",0.270866388958371,0.36154869893021,0,0,1.99786628733997,2.60947231342775,"OPHN1;GAS8"
"activation of cysteine-type endopeptidase activity involved in apoptotic process (GO:0006919)","1/81",0.271780614435552,0.36154869893021,0,0,3.2211038961039,4.19632564252639,"PPARG"
"negative regulation of protein modification process (GO:0031400)","1/81",0.271780614435552,0.36154869893021,0,0,3.2211038961039,4.19632564252639,"CRTAP"
"regulation of gene expression, epigenetic (GO:0040029)","1/82",0.27463221475441,0.364511848674035,0,0,3.18117684784351,4.11110634482161,"GLMN"
"glycoprotein biosynthetic process (GO:0009101)","1/83",0.277472791180557,0.365788058802359,0,0,3.14222363002851,4.02843250300734,"ALG10B"
"regulation of defense response (GO:0031347)","1/83",0.277472791180557,0.365788058802359,0,0,3.14222363002851,4.02843250300734,"USP18"
"regulation of osteoblast differentiation (GO:0045667)","1/83",0.277472791180557,0.365788058802359,0,0,3.14222363002851,4.02843250300734,"PPARG"
"spindle assembly (GO:0051225)","1/84",0.280302385827539,0.368686020998385,0,0,3.10420904396808,3.94820098377705,"CCDC61"
"negative regulation of defense response (GO:0031348)","1/85",0.28312104060858,0.369068499364756,0,0,3.06709956709957,3.87031395557128,"PPARG"
"G1/S transition of mitotic cell cycle (GO:0000082)","1/85",0.28312104060858,0.369068499364756,0,0,3.06709956709957,3.87031395557128,"INHBA"
"retrograde vesicle-mediated transport, Golgi to endoplasmic reticulum (GO:0006890)","1/85",0.28312104060858,0.369068499364756,0,0,3.06709956709957,3.87031395557128,"COPG2"
"positive regulation of protein catabolic process (GO:0045732)","1/85",0.28312104060858,0.369068499364756,0,0,3.06709956709957,3.87031395557128,"VGLL4"
"regulation of Ras protein signal transduction (GO:0046578)","1/86",0.285928797233274,0.369430127398743,0,0,3.03086325439267,3.794678558695,"OPHN1"
"glucose homeostasis (GO:0042593)","1/86",0.285928797233274,0.369430127398743,0,0,3.03086325439267,3.794678558695,"PPARG"
"negative regulation of phosphorylation (GO:0042326)","1/86",0.285928797233274,0.369430127398743,0,0,3.03086325439267,3.794678558695,"INHBA"
"regulation of interferon-gamma production (GO:0032649)","1/86",0.285928797233274,0.369430127398743,0,0,3.03086325439267,3.794678558695,"INHBA"
"negative regulation of angiogenesis (GO:0016525)","1/87",0.28872569731262,0.372220325012296,0,0,2.99546964663244,3.72120659835529,"PPARG"
"regulation of type I interferon production (GO:0032479)","1/89",0.294287093434477,0.376893996854682,0,0,2.92709563164109,3.58042185405644,"POLR3F"
"regulation of cysteine-type endopeptidase activity involved in apoptotic process (GO:0043281)","1/89",0.294287093434477,0.376893996854682,0,0,2.92709563164109,3.58042185405644,"GRAMD4"
"collagen fibril organization (GO:0030199)","1/89",0.294287093434477,0.376893996854682,0,0,2.92709563164109,3.58042185405644,"CRTAP"
"positive regulation of autophagy (GO:0010508)","1/90",0.297051671847384,0.377948096642423,0,0,2.89406099518459,3.51295355437946,"EIF2AK4"
"positive regulation of binding (GO:0051099)","1/90",0.297051671847384,0.377948096642423,0,0,2.89406099518459,3.51295355437946,"PPARG"
"negative regulation of translation (GO:0017148)","1/90",0.297051671847384,0.377948096642423,0,0,2.89406099518459,3.51295355437946,"EIF2AK4"
"T cell activation (GO:0042110)","1/92",0.302548794354477,0.382442631824707,0,0,2.83016983016983,3.38350400588348,"EIF2AK4"
"regulation of lipid metabolic process (GO:0019216)","1/92",0.302548794354477,0.382442631824707,0,0,2.83016983016983,3.38350400588348,"PPARG"
"positive regulation of transmembrane receptor protein serine/threonine kinase signaling pathway (GO:0090100)","1/92",0.302548794354477,0.382442631824707,0,0,2.83016983016983,3.38350400588348,"INHBA"
"hemopoiesis (GO:0030097)","1/94",0.308003475591604,0.388496824504313,0,0,2.76902667225248,3.26092823257648,"INHBA"
"regulation of vesicle-mediated transport (GO:0060627)","1/96",0.313416039085807,0.394471911263171,0,0,2.71045796308954,3.14473776364498,"OPHN1"
"positive regulation of transcription, DNA-templated (GO:0045893)","6/1183",0.314326197269878,0.394766664958298,0,0,1.32717360521099,1.53596984887586,"THRA;CTBP2;PPARG;INHBA;SSBP2;PPARGC1B"
"protein maturation (GO:0051604)","1/97",0.316106627094531,0.395302505831277,0,0,2.68208874458874,3.08889641843077,"XPNPEP3"
"regulation of MAP kinase activity (GO:0043405)","1/97",0.316106627094531,0.395302505831277,0,0,2.68208874458874,3.08889641843077,"PDGFC"
"positive regulation of defense response (GO:0031349)","1/98",0.318786805828229,0.397802338896764,0,0,2.65430445842817,3.03448770547949,"POLR3F"
"response to UV (GO:0009411)","1/99",0.321456615084579,0.400278599593591,0,0,2.62708719851577,2.98146205683934,"EIF2AK4"
"organic acid transport (GO:0015849)","1/100",0.324116094429913,0.402731487546956,0,0,2.60041978223796,2.92977207832515,"SLC10A5"
"cellular response to chemical stress (GO:0062197)","1/101",0.3267652833403,0.405161200574809,0,0,2.57428571428571,2.879372432986,"BRF2"
"protein O-linked glycosylation (GO:0006493)","1/102",0.329404221096676,0.405848238650757,0,0,2.54866915262955,2.83021973378044,"C1GALT1"
"cell junction assembly (GO:0034329)","1/102",0.329404221096676,0.405848238650757,0,0,2.54866915262955,2.83021973378044,"OPHN1"
"regulation of proteasomal ubiquitin-dependent protein catabolic process (GO:0032434)","1/102",0.329404221096676,0.405848238650757,0,0,2.54866915262955,2.83021973378044,"GLMN"
"chromatin remodeling (GO:0006338)","1/103",0.332032946860945,0.408225770456404,0,0,2.52355487649605,2.78227244145478,"KDM4C"
"steroid metabolic process (GO:0008202)","1/104",0.334651499613662,0.410580831458779,0,0,2.49892825620981,2.73549076971601,"ARV1"
"protein processing (GO:0016485)","1/106",0.339858241535628,0.414357438531956,0,0,2.45108225108225,2.64527337243436,"XPNPEP3"
"positive regulation of protein serine/threonine kinase activity (GO:0071902)","1/106",0.339858241535628,0.414357438531956,0,0,2.45108225108225,2.64527337243436,"PDGFC"
"regulation of phosphatidylinositol 3-kinase signaling (GO:0014066)","1/106",0.339858241535628,0.414357438531956,0,0,2.45108225108225,2.64527337243436,"PDGFC"
"negative regulation of transmembrane receptor protein serine/threonine kinase signaling pathway (GO:0090101)","1/108",0.345024755869224,0.419780119640889,0,0,2.4050248816604,2.5592810332077,"PPARG"
"lipid transport (GO:0006869)","1/109",0.347593023677684,0.42115005358458,0,0,2.38263588263588,2.51778603240942,"SLC10A5"
"modulation of chemical synaptic transmission (GO:0050804)","1/109",0.347593023677684,0.42115005358458,0,0,2.38263588263588,2.51778603240942,"OPHN1"
"regulation of macroautophagy (GO:0016241)","1/112",0.355238326784749,0.428978926999104,0,0,2.31788931788932,2.39893749734049,"EXOC4"
"transcription by RNA polymerase II (GO:0006366)","2/320",0.35552363128008,0.428978926999104,0,0,1.62231049321417,1.67773439279444,"THRA;PPARG"
"positive regulation of protein metabolic process (GO:0051247)","1/115",0.362795172766772,0.436850269888237,0,0,2.25655046707678,2.28795457827975,"INHBA"
"sphingolipid metabolic process (GO:0006665)","1/116",0.365294639232885,0.438053530414795,0,0,2.23681535855449,2.25258718896587,"ARV1"
"cytosolic transport (GO:0016482)","1/116",0.365294639232885,0.438053530414795,0,0,2.23681535855449,2.25258718896587,"AP4M1"
"cellular protein localization (GO:0034613)","2/329",0.368195586874783,0.440627505604249,0,0,1.57693545791083,1.57558086393298,"AP4M1;GAS8"
"negative regulation of response to external stimulus (GO:0032102)","1/118",0.370264571901432,0.441294918347829,0,0,2.1983571983572,2.18415024831703,"PPARG"
"regulation of protein binding (GO:0043393)","1/118",0.370264571901432,0.441294918347829,0,0,2.1983571983572,2.18415024831703,"GAS8"
"macroautophagy (GO:0016236)","1/120",0.375196083452174,0.446261736733339,0,0,2.16119174942704,2.11863032071434,"ULK3"
"positive regulation of cytokine production (GO:0001819)","2/335",0.376591933724238,0.447011563607633,0,0,1.54804804804805,1.51181301381769,"GLMN;POLR3F"
"epithelium development (GO:0060429)","1/122",0.380089467158463,0.450247969210026,0,0,2.12525491037888,2.05586239212732,"PPARG"
"fatty acid metabolic process (GO:0006631)","1/124",0.384945013941084,0.454157349780996,0,0,2.09048674902333,1.9956931587571,"PPARG"
"defense response to symbiont (GO:0140546)","1/124",0.384945013941084,0.454157349780996,0,0,2.09048674902333,1.9956931587571,"LYST"
"protein targeting (GO:0006605)","1/125",0.387358688848687,0.45425195640087,0,0,2.07352325094261,1.96653809910742,"AP4M1"
"cellular response to oxidative stress (GO:0034599)","1/125",0.387358688848687,0.45425195640087,0,0,2.07352325094261,1.96653809910742,"BRF2"
"regulation of protein secretion (GO:0050708)","1/125",0.387358688848687,0.45425195640087,0,0,2.07352325094261,1.96653809910742,"RHBDF1"
"plasma membrane bounded cell projection organization (GO:0120036)","1/128",0.394543749866777,0.461750601046489,0,0,2.02423560691277,1.88259021688338,"OPHN1"
"supramolecular fiber organization (GO:0097435)","2/351",0.398758816747256,0.463586293955235,0,0,1.4758709093651,1.35691352116611,"CRTAP;FIGNL2"
"regulation of response to external stimulus (GO:0032101)","1/130",0.399287510033362,0.463586293955235,0,0,1.99265076009262,1.8293999473811,"USP18"
"Golgi organization (GO:0007030)","1/130",0.399287510033362,0.463586293955235,0,0,1.99265076009262,1.8293999473811,"VAMP4"
"regulation of primary metabolic process (GO:0080090)","1/130",0.399287510033362,0.463586293955235,0,0,1.99265076009262,1.8293999473811,"PPARG"
"defense response to virus (GO:0051607)","1/133",0.406334435387908,0.47083196481456,0,0,1.94706808343172,1.75348809397185,"LYST"
"regulation of gene expression (GO:0010468)","5/1079",0.41289587084169,0.477487502121875,0,0,1.20201015280222,1.06324991628243,"GLMN;INHBA;SSBP2;MEGF8;PPARGC1B"
"regulation of cellular component organization (GO:0051128)","1/139",0.420184360075224,0.483999341782901,0,0,1.86184829663091,1.61433737054853,"OPHN1"
"positive regulation of response to external stimulus (GO:0032103)","1/139",0.420184360075224,0.483999341782901,0,0,1.86184829663091,1.61433737054853,"POLR3F"
"neuron projection morphogenesis (GO:0048812)","1/140",0.422461462580462,0.484710204610982,0,0,1.8483602728207,1.59265265848611,"EIF2AK4"
"protein localization to cell periphery (GO:1990778)","1/140",0.422461462580462,0.484710204610982,0,0,1.8483602728207,1.59265265848611,"AP4M1"
"regulation of small GTPase mediated signal transduction (GO:0051056)","1/141",0.424729736377092,0.484866771571391,0,0,1.83506493506494,1.57137019011573,"OPHN1"
"positive regulation of cellular catabolic process (GO:0031331)","1/141",0.424729736377092,0.484866771571391,0,0,1.83506493506494,1.57137019011573,"VGLL4"
"positive regulation of protein phosphorylation (GO:0001934)","2/371",0.425957671139236,0.484866771571391,0,0,1.39445157609471,1.19004631178343,"PDGFC;INHBA"
"chromatin organization (GO:0006325)","1/142",0.426989215356524,0.484866771571391,0,0,1.82195818366031,1.55048007907077,"KDM4C"
"protein localization to organelle (GO:0033365)","1/142",0.426989215356524,0.484866771571391,0,0,1.82195818366031,1.55048007907077,"IFT140"
"negative regulation of DNA-binding transcription factor activity (GO:0043433)","1/143",0.429239933052071,0.484866771571391,0,0,1.80903603438815,1.52997274618792,"EIF2AK4"
"neuron development (GO:0048666)","1/143",0.429239933052071,0.484866771571391,0,0,1.80903603438815,1.52997274618792,"OPHN1"
"monocarboxylic acid metabolic process (GO:0032787)","1/143",0.429239933052071,0.484866771571391,0,0,1.80903603438815,1.52997274618792,"PPARG"
"regulation of cytokine production (GO:0001817)","1/150",0.444752444465265,0.501419744339218,0,0,1.72343763618931,1.3963937262363,"GLMN"
"peptidyl-serine phosphorylation (GO:0018105)","1/156",0.457717080038892,0.515041955188272,0,0,1.65622119815668,1.29434351594504,"ULK3"
"mitotic spindle organization (GO:0007052)","1/157",0.45984860484921,0.516445356215266,0,0,1.64552114552115,1.27833620611082,"CCDC61"
"cellular response to starvation (GO:0009267)","1/158",0.461971858349295,0.517834098418404,0,0,1.63495739928861,1.26259798100105,"EIF2AK4"
"transmembrane receptor protein tyrosine kinase signaling pathway (GO:0007169)","2/404",0.469421926067954,0.525177020735029,0,0,1.27782141921969,0.966356646972054,"PDGFC;GRB10"
"heart development (GO:0007507)","1/164",0.474539447716827,0.52887602569967,0,0,1.5742968687754,1.17349746183866,"MEGF8"
"double-strand break repair (GO:0006302)","1/164",0.474539447716827,0.52887602569967,0,0,1.5742968687754,1.17349746183866,"DCLRE1A"
"cellular protein-containing complex assembly (GO:0034622)","1/168",0.482756382525847,0.537009004562085,0,0,1.53627809316432,1.1187839772227,"VAMP4"
"peptidyl-serine modification (GO:0018209)","1/169",0.484790716498437,0.538246727062904,0,0,1.52705627705628,1.10564676287358,"ULK3"
"neuron projection development (GO:0031175)","1/171",0.488835717895959,0.541707892317344,0,0,1.50893812070283,1.07999047217918,"OPHN1"
"positive regulation of ERK1 and ERK2 cascade (GO:0070374)","1/172",0.490846445751528,0.542905917270629,0,0,1.50003797372218,1.06746292982552,"PDGFC"
"defense response to bacterium (GO:0042742)","1/176",0.498811571348831,0.550672887840675,0,0,1.46545454545455,1.0192630088358,"LYST"
"glycerophospholipid biosynthetic process (GO:0046474)","1/177",0.50078355507851,0.550853210645418,0,0,1.45705430932704,1.00767150910022,"PTDSS2"
"negative regulation of transcription by RNA polymerase II (GO:0000122)","3/684",0.501585167713268,0.550853210645418,0,0,1.13016152716593,0.779790952671182,"THRA;CTBP2;PPARG"
"regulation of nucleic acid-templated transcription (GO:1903506)","2/430",0.502289815734837,0.550853210645418,0,0,1.19859813084112,0.825328308168092,"SSBP2;PPARGC1B"
"regulation of translation (GO:0006417)","1/178",0.502747878893849,0.550853210645418,0,0,1.44874899112187,0.996256103693407,"EIF2AK4"
"protein stabilization (GO:0050821)","1/179",0.504704572162503,0.551961554574722,0,0,1.44053699109879,0.985013303033462,"CRTAP"
"negative regulation of transcription, DNA-templated (GO:0045892)","4/948",0.509069654769329,0.55569472595381,0,0,1.08669262482822,0.733702721881081,"THRA;CTBP2;PPARG;VGLL4"
"negative regulation of cytokine production (GO:0001818)","1/182",0.51052916052225,0.55624818982275,0,0,1.41644543302002,0.952286918435841,"INHBA"
"protein localization to membrane (GO:0072657)","1/195",0.534997446547549,0.581822176506087,0,0,1.32065872272058,0.82606318912722,"AP4M1"
"negative regulation of intracellular signal transduction (GO:1902532)","1/198",0.540470195392659,0.586681401690173,0,0,1.3003493967961,0.800125511271581,"VGLL4"
"regulation of macromolecule metabolic process (GO:0060255)","1/200",0.544083319204552,0.589507715056509,0,0,1.28715003589375,0.783427580910216,"MEGF8"
"generation of neurons (GO:0048699)","1/202",0.547668395502507,0.591512726297263,0,0,1.27421334884021,0.767185117338109,"OPHN1"
"regulation of cellular macromolecule biosynthetic process (GO:2000112)","2/468",0.547959563230855,0.591512726297263,0,0,1.09871244635193,0.66093463015986,"SSBP2;PPARGC1B"
"regulation of angiogenesis (GO:0045765)","1/203",0.549450483201116,0.592027826917807,0,0,1.26784106982127,0.759229663056967,"PPARG"
"positive regulation of cell population proliferation (GO:0008284)","2/474",0.554903743625747,0.59680255299712,0,0,1.08441123996432,0.638675511003823,"KDM4C;PDGFC"
"mitotic cell cycle phase transition (GO:0044772)","1/209",0.559998377287351,0.60117472855848,0,0,1.23089410589411,0.71369873506368,"INHBA"
"positive regulation of gene expression (GO:0010628)","2/482",0.564047336879108,0.604410357316328,0,0,1.06589912280702,0.610352064987979,"GLMN;INHBA"
"negative regulation of inflammatory response (GO:0050728)","1/212",0.565180530917882,0.604515439663082,0,0,1.21320859235551,0.692269046025151,"PPARG"
"positive regulation of protein modification process (GO:0031401)","1/214",0.568601779333128,0.607062960019282,0,0,1.20169501859643,0.678446905576496,"ALG10B"
"protein phosphorylation (GO:0006468)","2/496",0.579729455406007,0.617367983965933,0,0,1.03494566375453,0.564245897598031,"ULK3;EIF2AK4"
"positive regulation of cell motility (GO:2000147)","1/221",0.580368190406331,0.617367983965933,0,0,1.16304604486423,0.632804706697874,"PDGFC"
"positive regulation of nucleic acid-templated transcription (GO:1903508)","2/511",0.596078273018425,0.63236248550424,0,0,1.00367076827629,0.519282484139576,"PPARG;INHBA"
"regulation of autophagy (GO:0010506)","1/231",0.59662967382335,0.63236248550424,0,0,1.11191417278374,0.574257714736882,"EXOC4"
"regulation of ERK1 and ERK2 cascade (GO:0070372)","1/238",0.607640970052487,0.64286653353379,0,0,1.07868924324621,0.537371786605793,"PDGFC"
"membrane organization (GO:0061024)","1/242",0.613799352334134,0.648207634291382,0,0,1.06057013525893,0.517650699207009,"VAMP4"
"anterograde trans-synaptic signaling (GO:0098916)","1/244",0.616842661417398,0.650245693624116,0,0,1.0517342739565,0.508136257435338,"EXOC4"
"RNA splicing, via transesterification reactions with bulged adenosine as nucleophile (GO:0000377)","1/251",0.627308978744965,0.660087285742449,0,0,1.02192207792208,0.476538687900335,"BUD13"
"positive regulation of phosphorylation (GO:0042327)","1/253",0.630247165453731,0.66198623133989,0,0,1.01370851370851,0.467971652697769,"GLMN"
"positive regulation of cell differentiation (GO:0045597)","1/258",0.637492963397259,0.668394776703769,0,0,0.993733892566577,0.447390962809369,"PPARG"
"regulation of transcription by RNA polymerase II (GO:0006357)","8/2206",0.640055664175035,0.66987904637674,0,0,0.921565059144677,0.411202450241684,"KDM4C;THRA;CTBP2;ZFP2;PPARG;INHBA;SSBP2;PPARGC1B"
"protein deubiquitination (GO:0016579)","1/267",0.650183880640432,0.67926187172453,0,0,0.959671907040328,0.413138816254251,"USP18"
"central nervous system development (GO:0007417)","1/268",0.651566617832141,0.679490901453519,0,0,0.956028989736855,0.409539525213399,"PDGFC"
"positive regulation of cell migration (GO:0030335)","1/269",0.652943959239538,0.679713497675383,0,0,0.952413258383408,0.405979460264622,"PDGFC"
"positive regulation of MAPK cascade (GO:0043410)","1/274",0.659750453145212,0.684359262232334,0,0,0.934731934731935,0.388749045032172,"PDGFC"
"mRNA splicing, via spliceosome (GO:0000398)","1/274",0.659750453145212,0.684359262232334,0,0,0.934731934731935,0.388749045032172,"BUD13"
"protein modification by small protein removal (GO:0070646)","1/276",0.662436001120546,0.685926639458154,0,0,0.927839433293979,0.382113345863826,"USP18"
"proteolysis (GO:0006508)","1/287",0.676836729296566,0.699597610458752,0,0,0.89165380074471,0.348034950877187,"XPNPEP3"
"regulation of cell cycle (GO:0051726)","1/296",0.688166647858884,0.710051806271358,0,0,0.864054589478318,0.322918153113203,"INHBA"
"DNA repair (GO:0006281)","1/298",0.690630651774734,0.7113373908932,0,0,0.858148585421313,0.317643793928745,"DCLRE1A"
"extracellular matrix organization (GO:0030198)","1/300",0.693075433508296,0.711346314883734,0,0,0.852321591452026,0.312475103378303,"CRTAP"
"mRNA processing (GO:0006397)","1/300",0.693075433508296,0.711346314883734,0,0,0.852321591452026,0.312475103378303,"BUD13"
"innate immune response (GO:0045087)","1/302",0.69550114108001,0.712583625246887,0,0,0.846572032618544,0.307409460394108,"PPARG"
"chemical synaptic transmission (GO:0007268)","1/306",0.700295920209502,0.716239610161732,0,0,0.835299127102406,0.297577226959634,"EXOC4"
"positive regulation of cellular process (GO:0048522)","2/625",0.70507630365618,0.719868114222394,0,0,0.815198107628622,0.284870367222665,"KDM4C;PDGFC"
"cellular macromolecule biosynthetic process (GO:0034645)","1/314",0.70966297765109,0.723286525215072,0,0,0.813617692211941,0.279042473990838,"INHBA"
"intracellular protein transport (GO:0006886)","1/336",0.733957934594315,0.74674465819352,0,0,0.759333204109323,0.234864464644447,"AP4M1"
"positive regulation of macromolecule metabolic process (GO:0010604)","1/384",0.780215069957452,0.792427131922003,0,0,0.662541114238242,0.164433208080861,"INHBA"
"phosphorylation (GO:0016310)","1/400",0.79379369562695,0.804818608066213,0,0,0.635452267031214,0.146746060018485,"EIF2AK4"
"regulation of cell migration (GO:0030334)","1/408",0.800269006088827,0.809379717295263,0,0,0.622706531797441,0.138743592317647,"PDGFC"
"protein modification by small protein conjugation (GO:0032446)","1/409",0.801064172254558,0.809379717295263,0,0,0.621148459383754,0.13777956099048,"RNF38"
"regulation of intracellular signal transduction (GO:1902531)","1/437",0.82210316980489,0.829202506331703,0,0,0.58042416299297,0.113698930058503,"OPHN1"
"cellular response to cytokine stimulus (GO:0071345)","1/482",0.851405106892388,0.857276866250266,0,0,0.524907524907525,0.0844404181611023,"GRB10"
"protein ubiquitination (GO:0016567)","1/525",0.874932397836144,0.879450121060771,0,0,0.480767324278775,0.064234675673026,"RNF38"
"positive regulation of intracellular signal transduction (GO:1902533)","1/546",0.885045595662248,0.888086989461775,0,0,0.461741927796974,0.0563861302531457,"PDGFC"
"cellular protein modification process (GO:0006464)","2/1025",0.914322020231853,0.91499995465294,0,0,0.486160415702012,0.0435465794542826,"EIF2AK4;ALG10B"
"cytokine-mediated signaling pathway (GO:0019221)","1/621",0.91499995465294,0.91499995465294,0,0,0.404315039798911,0.0359158157428793,"GRB10"
